INSERT INTO `Courses` (`id`, `title`, `teacher`, `semesters`, `capacity`) VALUES
('6.00SC',	'Introduction to Computer Science',	'danpin1',	1,	160),
('6.01SC',	'Introduction to Electrical Engineering',	'waywal1',	1,	160),
('6.002',	'Circuits and Electronics',	'danmck2',	2,	80),
('6.003',	'Signals and Systems',	'danmck2',	2,	40),
('6.004',	'Computation Structures',	'danmck2',	1,	60),
('6.006',	'Introduction to Algorithms',	'hencon1',	1,	180),
('6.033',	'Computer System Engineering',	'timrey3',	1,	120),
('6.034',	'Artificial Intelligence',	'katmat1',	2,	65),
('6.035',	'Computer Language Engineering',	'katmat1',	2,	50),
('6.042J',	'Mathematics for Computer Science',	'ednpor2',	2,	120),
('6.045J',	'Automata, Computability, and Complexity',	'ednpor2',	2,	100),
('6.046J',	'Design and Analysis of Algorithms',	'dorros1',	2,	80),
('6.073',	'Creating Video Games',	'dorros1',	1,	30);

INSERT INTO `StudentCourse` (`student_id`, `course_id`, `year`) VALUES
('skyhar1',	'6.00SC',	2015),
('maxowe2',	'6.00SC',	2014),
('jamwhi1',	'6.00SC',	2017),
('alarya1',	'6.00SC',	2016),
('thahol2',	'6.00SC',	2016),
('sanmar2',	'6.01SC',	2017),
('jaybax2',	'6.01SC',	2011),
('natsch1',	'6.01SC',	2012),
('angpra3',	'6.01SC',	2011),
('lunmas1',	'6.002',	2012),
('rasmey1',	'6.003',	2012),
('lingil2',	'6.004',	2015),
('aidgay3',	'6.003',	2017),
('daicar1',	'6.004',	2016),
('prefis1',	'6.005',	2015),
('milwoo1',	'6.006',	2011),
('ariwea2',	'6.007',	2015),
('haydel1',	'6.006',	2014),
('daxher3',	'6.007',	2017),
('kadmos1',	'6.008',	2016),
('ariwea2',	'6.033',	2016),
('kadmos1',	'6.034',	2017),
('ariwea2',	'6.034',	2011),
('ariwea2',	'6.035',	2012),
('lingil2',	'6.036',	2011),
('aidgay3',	'6.037',	2012),
('daicar1',	'6.038',	2012),
('daicar1',	'6.073',	2017);

INSERT INTO `Students` (`id`, `name`, `year`, `programme`) VALUES
('skyhar1',	'Skyler Harrison',	1,	'computer science'),
('maxowe2',	'Maximilian Owens',	1,	'engineering'),
('jamwhi1',	'Jamar Whitney',	2,	'mathematics'),
('alarya1',	'Alannah Ryan',	3,	'computer science'),
('thahol2',	'Thalia Holt',	1,	'computer science'),
('sanmar2',	'Saniya Marsh',	4,	'mathematics'),
('jaybax2',	'Jaydin Baxter',	4,	'mathematics'),
('natsch1',	'Nataly Schroeder',	1,	'engineering'),
('angpra3',	'Angelina Pratt',	3,	'engineering'),
('lunmas1',	'Luna Mason',	2,	'computer science'),
('rasmey1',	'Rashad Meyer',	2,	'engineering'),
('lingil2',	'Lindsay Gill',	3,	'mathematics'),
('aidgay3',	'Aidan Gay',	2,	'mathematics'),
('daicar1',	'Daisy Carroll',	3,	'computer science'),
('prefis1',	'Precious Fischer',	1,	'engineering'),
('milwoo1',	'Mila Woodard',	1,	'engineering'),
('ariwea2',	'Arianna Weaver',	2,	'computer science'),
('haydel1',	'Hayden Delgado',	4,	'engineering'),
('daxher3',	'Dax Herrera',	4,	'computer science'),
('kadmos1',	'Kadin Moses',	2,	'mathematics');

INSERT INTO `Teachers` (`id`, `name`, `phone`, `email`, `degree`, `birth`) VALUES
('danpin1',	'Daniel L. Pinegar',	'315-884-0223',	'daniel.pinegar@univ.org',	'MSc',	1986),
('waywal1',	'Wayne D. Walters',	'215-907-5467',	'wayne.walters@univ.org',	'MSc',	1991),
('danmck2',	'Danyel A. McKeen',	'312-798-0781',	'danyel.mckeen@univ.org',	'MSc',	1975),
('hencon1',	'Henry A. Connery',	'504-335-4403',	'henry.connery@univ.org',	'DSc',	1968),
('timrey3',	'Timothy H. Reynolds',	'708-532-8769',	'timothy.reynolds@univ.org',	'CSc',	1966),
('katmat1',	'Kathryn H. Matson',	'802-705-2507',	'kathryn.matson@univ.org',	'DSc',	1977),
('eliron1',	'Elizabeth D. Roney',	'973-238-3932',	'elizabeth.roney@univ.org',	'DSc',	1983),
('ednpor2',	'Edna E. Porter',	'610-494-8868',	'edna.porter@univ.org',	'CSc',	1981),
('dorros1',	'Dorthy C. Rose',	'870-250-8667',	'dorthy.rose@univ.org',	'DSc',	1971);
